"country","year","r","g","top1_certo","rg_certo","rg1",""
"Australia","1980","-0.03399761646009","2.9","","-2.9339976164601","-2.0256405",""
"Australia","1981","2.1077818924958","4.1","21.96","-1.9922181075042","-0.988625554",""
"Australia","1982","1.4165648654237","0.1","21.96","1.3165648654237","2.499629375",""
"Australia","1983","2.0507975753705","-0.5","21.96","2.5507975753705","4.002094899",""
"Australia","1984","3.3718656373958","6.3","21.96","-2.9281343626042","-1.323340223",""
"Australia","1985","7.3900535221929","5.5","21.97","1.8900535221929","4.599810848",""
"Australia","1986","7.9330703487972","2.4","21.98","5.5330703487972","6.82692956",""
"Australia","1987","7.5226237868785","4.9","22.01","2.6226237868785","0.746988649",""
"Australia","1988","6.44657903173","4.3","22.08","2.14657903173","2.078153063",""
"Australia","1989","6.6156713341291","4.6","22.01","2.0156713341291","5.482453302",""
"Australia","1990","9.6702167847978","1.5","21.99","8.1702167847978","5.564305498",""
"Australia","1991","10.091703913098","-1","22.08","11.091703913098","7.094509258",""
"Australia","1992","8.9716150867127","2.6","22.07","6.3716150867127","2.086136621",""
"Australia","1993","8.4757720973187","3.9","22.1","4.5757720973187","-0.287576606",""
"Australia","1994","7.9873226320194","4.9","22.13","3.0873226320194","2.294654854",""
"Australia","1995","8.0271049120108","3","22.18","5.0271049120108","1.390800781",""
"Australia","1996","6.8324660701263","4","22.18","2.8324660701263","-0.037115768",""
"Australia","1997","5.8198019554272","4.7","22.13","1.1198019554272","-0.445490877",""
"Australia","1998","5.4853969618227","4.7","22.18","0.7853969618227","-0.681805657",""
"Australia","1999","6.062481715152","4.4","22.19","1.662481715152","0.251498145",""
"Australia","2000","5.0374089067453","3.1","22.25","1.9374089067453","-1.277032188",""
"Australia","2001","2.1130750656611","2.6","22.23","-0.48692493433891","-1.829568155",""
"Australia","2002","3.4248671904713","4.2","22.35","-0.77513280952869","-2.269975177",""
"Australia","2003","3.5218096942043","3","22.35","0.52180969420429","-0.682867188",""
"Australia","2004","3.6981648782822","4.1","22.44","-0.40183512171775","-2.020096002",""
"Australia","2005","3.3063681891548","3","22.48","0.30636818915485","-2.011901539",""
"Australia","2006","2.3756382534426","2.6","22.5","-0.22436174655738","-1.369991639",""
"Australia","2007","3.0573409969477","4.3","22.55","-1.2426590030523","-1.662705449",""
"Australia","2008","4.148952312473","2.6","22.67","1.548952312473","-4.911473641",""
"Australia","2009","1.0211173277058","2","22.73","-0.9788826722942","2.324298099",""
"Australia","2010","6.0555271669385","2.4","22.66","3.6555271669385","-2.688635165",""
"Australia","2011","1.445851920409","2.8","22.74","-1.354148079591","",""
"Australia","2012","5.0776146449518","3.8","22.9","1.2776146449518","",""
"Australia","2013","6.3531610248945","2.2","22.98","4.1531610248945","",""
"Australia","2014","4.4816194821113","2.6","23.1","1.8816194821113","",""
"Australia","2015","6.2377733479128","2.3","22.85","3.9377733479128","",""
"Australia","2016","6.1246067489538","2.7","22.62","3.4246067489538","",""
"Australia","2017","1.5361955262678","2.4","22.92","-0.86380447373221","",""
"Australia","2018","3.3295880509211","2.8","23.18","0.52958805092112","",""
"Australia","2019","1.5780668347194","1.9","23.13","-0.32193316528056","",""
"Australia","2020","","-2","22.86","","",""
"Australia","2021","","5.4","23.36","","",""
"Australia","2022","","4.1","23.46","","",""
"Australia","2023","","2.1","23.27","","",""
"Australia","2024","","1","","","",""
"Canada","1980","3.8108912915225","2.2","23.57","1.6108912915225","0.455681832",""
"Canada","1981","7.5950541441996","3.5","23.49","4.0950541441996","3.49774268",""
"Canada","1982","6.4188267815068","-3.2","23.48","9.6188267815068","8.206538623",""
"Canada","1983","5.0481626359707","2.6","23.49","2.4481626359707","1.171362673",""
"Canada","1984","8.2254841958388","5.9","23.5","2.3254841958388","2.003477797",""
"Canada","1985","7.0108932605188","4.7","23.65","2.3108932605188","1.569272121",""
"Canada","1986","7.1640491082997","2.1","23.82","5.0640491082997","3.540952096",""
"Canada","1987","4.5129875266835","4.1","23.97","0.41298752668348","-0.689450803",""
"Canada","1988","6.0200260136005","4.4","25.06","1.6200260136005","-0.047785453",""
"Canada","1989","8.2651667174085","2.3","24.95","5.9651667174085","4.854676739",""
"Canada","1990","10.362805771414","0.2","24.95","10.162805771414","9.436937459",""
"Canada","1991","6.6766406537247","-2.1","25.34","8.7766406537247","7.967285279",""
"Canada","1992","5.9212233906501","0.9","24.94","5.0212233906501","4.315192142",""
"Canada","1993","4.5892991176211","2.7","25.1","1.8892991176211","1.148182547",""
"Canada","1994","5.3416148920625","4.5","25.29","0.84161489206246","-0.536042459",""
"Canada","1995","6.2412477548718","2.7","25.52","3.5412477548718","2.005058439",""
"Canada","1996","4.3149379211955","1.7","25.77","2.6149379211955","0.872934583",""
"Canada","1997","3.7710592435186","4.3","26.08","-0.52894075648141","-2.188095573",""
"Canada","1998","6.7923617941438","3.9","26.28","2.8923617941438","0.806610243",""
"Canada","1999","4.428447479362","5.1","26.6","-0.67155252063797","-2.15997577",""
"Canada","2000","2.7752397847562","5.1","27.33","-2.3247602152438","-3.916316231",""
"Canada","2001","4.1731512946587","1.9","27.52","2.2731512946587","0.541563851",""
"Canada","2002","2.9141635877326","3","27.6","-0.085836412267443","-1.476377087",""
"Canada","2003","1.3925100659311","1.8","27.68","-0.40748993406885","-2.386326363",""
"Canada","2004","0.71578525557385","3.1","28.11","-2.3842147444261","-4.191224594",""
"Canada","2005","1.2607356247209","3.2","28.21","-1.9392643752791","-3.664999951",""
"Canada","2006","3.1610820074655","2.6","28.39","0.56108200746548","-1.312820841",""
"Canada","2007","2.7140428276555","2","28.54","0.71404282765552","-1.076254365",""
"Canada","2008","0.7046886153013","1","28.51","-0.2953113846987","-2.632774102",""
"Canada","2009","4.8331217448119","-2.9","28.24","7.7331217448119","5.223225735",""
"Canada","2010","-0.23769991888841","3.1","28.61","-3.3376999188884","-5.438481309",""
"Canada","2011","-0.23677314501982","3.1","28.75","-3.3367731450198","",""
"Canada","2012","1.7601103049922","1.8","28.7","-0.039889695007788","",""
"Canada","2013","1.2377166650704","2.3","28.81","-1.0622833349296","",""
"Canada","2014","1.0386389792833","2.9","28.86","-1.8613610207167","",""
"Canada","2015","3.6745334582912","0.6","28.89","3.0745334582912","",""
"Canada","2016","1.9689052290626","1","28.7","0.96890522906262","",""
"Canada","2017","0.12575224642738","3","28.84","-2.8742477535726","",""
"Canada","2018","","2.7","28.79","","",""
"Canada","2019","","1.9","28.76","","",""
"Canada","2020","","-5","28.96","","",""
"Canada","2021","","6","29.3","","",""
"Canada","2022","","4.2","29.3","","",""
"Canada","2023","","1.5","29.3","","",""
"Canada","2024","","1.6","","","",""
"Finland","1980","","","13.94","","-2.668572947",""
"Finland","1981","","","13.93","","-1.409329001",""
"Finland","1982","","","13.93","","-0.578084806",""
"Finland","1983","","","13.93","","3.552864781",""
"Finland","1984","","","13.94","","4.931210092",""
"Finland","1985","","","13.93","","4.848990063",""
"Finland","1986","","","13.93","","4.442962008",""
"Finland","1987","","","13.94","","2.211699043",""
"Finland","1988","","","13.95","","-2.898826539",""
"Finland","1989","","","13.93","","1.113531772",""
"Finland","1990","","","13.92","","8.002010742",""
"Finland","1991","","","13.92","","17.59544257",""
"Finland","1992","","","13.92","","15.81113978",""
"Finland","1993","","","13.92","","6.605732524",""
"Finland","1994","","","13.96","","0.102119698",""
"Finland","1995","","","14.01","","-2.712779873",""
"Finland","1996","","","15.09","","0.409196355",""
"Finland","1997","","","15.93","","-4.970954594",""
"Finland","1998","","","17.24","","-4.867227596",""
"Finland","1999","","","18.09","","-1.865428473",""
"Finland","2000","","","17.98","","-2.87451029",""
"Finland","2001","","","17.41","","-1.651715784",""
"Finland","2002","","","17.31","","0.667730403",""
"Finland","2003","","","17.6","","0.125696285",""
"Finland","2004","","","17.65","","-2.42713396",""
"Finland","2005","","","18.15","","-1.517748941",""
"Finland","2006","","","18.8","","-1.887635016",""
"Finland","2007","","","18.3","","-3.671519994",""
"Finland","2008","","","16.7","","0.836613497",""
"Finland","2009","","","17.75","","7.620788788",""
"Finland","2010","","","18.6","","",""
"Finland","2011","","","17.56","","",""
"Finland","2012","","","17.39","","",""
"Finland","2013","","","17.96","","",""
"Finland","2014","","","18.1","","",""
"Finland","2015","","","17.94","","",""
"Finland","2016","","","18.08","","",""
"Finland","2017","","","18.56","","",""
"Finland","2018","","","18.57","","",""
"Finland","2019","","","18.21","","",""
"Finland","2020","","","18.2","","",""
"Finland","2021","","","18.7","","",""
"Finland","2022","","","18.11","","",""
"Finland","2023","","","18.21","","",""
"Finland","2024","","","","","",""
"France","1980","","","17.17","","-0.787682266",""
"France","1981","","","16.66","","2.489039562",""
"France","1982","","","16.17","","0.12233036",""
"France","1983","","","15.92","","1.719930705",""
"France","1984","","","15.85","","3.28049569",""
"France","1985","","","16.13","","3.001478112",""
"France","1986","","","16.78","","0.370027535",""
"France","1987","","","17.06","","3.152100608",""
"France","1988","","","17.56","","-0.067969845",""
"France","1989","","","17.81","","1.687451711",""
"France","1990","","","17.46","","4.598032795",""
"France","1991","","","18.39","","6.078395678",""
"France","1992","","","17.83","","6.898627879",""
"France","1993","","","19.1","","7.379756558",""
"France","1994","","","19.64","","3.24316095",""
"France","1995","","","20.74","","3.588361231",""
"France","1996","","","24.66","","2.333113166",""
"France","1997","","","26.69","","1.161525851",""
"France","1998","","","28.11","","-0.553358985",""
"France","1999","","","29.87","","-0.663360537",""
"France","2000","","","29.84","","-1.027908183",""
"France","2001","","","28.46","","0.307816517",""
"France","2002","","","26.65","","0.068993811",""
"France","2003","","","25.67","","-0.431384843",""
"France","2004","","","25.1","","-2.386162978",""
"France","2005","","","23.83","","-1.423894429",""
"France","2006","","","23.39","","-1.530311664",""
"France","2007","","","23.73","","-0.944571883",""
"France","2008","","","23.07","","1.208086126",""
"France","2009","","","22.76","","3.53971663",""
"France","2010","","","24.65","","",""
"France","2011","","","24.27","","",""
"France","2012","","","23.82","","",""
"France","2013","","","24.58","","",""
"France","2014","","","25.79","","",""
"France","2015","","","26.08","","",""
"France","2016","","","25.67","","",""
"France","2017","","","25.83","","",""
"France","2018","","","26.37","","",""
"France","2019","","","26.29","","",""
"France","2020","","","25.97","","",""
"France","2021","","","27.13","","",""
"France","2022","","","27.11","","",""
"France","2023","","","27.37","","",""
"France","2024","","","","","",""
"Germany","1980","","","26.96","","3.493534983",""
"Germany","1981","","","25.02","","7.726716928",""
"Germany","1982","","","24.4","","4.891688604",""
"Germany","1983","","","24.77","","0.970282545",""
"Germany","1984","","","24.3","","1.135897549",""
"Germany","1985","","","23.87","","1.081416838",""
"Germany","1986","","","23.49","","-1.069965591",""
"Germany","1987","","","23","","0.737924477",""
"Germany","1988","","","22.65","","1.382904791",""
"Germany","1989","","","22.39","","2.194484958",""
"Germany","1990","","","21.88","","0.746735223",""
"Germany","1991","","","22.31","","-10.11182209",""
"Germany","1992","","","23.31","","2.475833074",""
"Germany","1993","","","24.39","","4.261710358",""
"Germany","1994","","","24.33","","1.043930012",""
"Germany","1995","","","24.75","","2.016333745",""
"Germany","1996","","","25.39","","2.275291307",""
"Germany","1997","","","25.59","","1.420453217",""
"Germany","1998","","","26.04","","1.126379",""
"Germany","1999","","","27.08","","",""
"Germany","2000","","","26.65","","",""
"Germany","2001","","","26.24","","",""
"Germany","2002","","","26.34","","",""
"Germany","2003","","","26.56","","",""
"Germany","2004","","","27.43","","",""
"Germany","2005","","","27.87","","",""
"Germany","2006","","","28.03","","",""
"Germany","2007","","","28.7","","",""
"Germany","2008","","","28.95","","",""
"Germany","2009","","","27.74","","",""
"Germany","2010","","","27.28","","",""
"Germany","2011","","","27.09","","",""
"Germany","2012","","","26.63","","",""
"Germany","2013","","","26.98","","",""
"Germany","2014","","","27.6","","",""
"Germany","2015","","","27.72","","",""
"Germany","2016","","","27.88","","",""
"Germany","2017","","","27.85","","",""
"Germany","2018","","","28.48","","",""
"Germany","2019","","","27.99","","",""
"Germany","2020","","","27.55","","",""
"Germany","2021","","","27.99","","",""
"Germany","2022","","","27.83","","",""
"Germany","2023","","","27.68","","",""
"Germany","2024","","","","","",""
"Ireland","1980","","","23.4","","-18.2245478",""
"Ireland","1981","","","23.38","","-20.87951798",""
"Ireland","1982","","","23.44","","-18.37804909",""
"Ireland","1983","","","23.47","","-10.30183149",""
"Ireland","1984","","","23.4","","-10.51274579",""
"Ireland","1985","","","23.39","","-8.500638131",""
"Ireland","1986","","","23.38","","-6.494337671",""
"Ireland","1987","","","23.38","","-6.758822818",""
"Ireland","1988","","","23.37","","-6.713176005",""
"Ireland","1989","","","23.37","","-10.64651043",""
"Ireland","1990","","","23.39","","-8.371978772",""
"Ireland","1991","","","23.44","","-4.009873948",""
"Ireland","1992","","","23.55","","-6.408856258",""
"Ireland","1993","","","23.5","","-7.581353932",""
"Ireland","1994","","","24.19","","-7.394914676",""
"Ireland","1995","","","24.22","","-15.31837214",""
"Ireland","1996","","","24.13","","-9.752280451",""
"Ireland","1997","","","23.99","","-14.81234371",""
"Ireland","1998","","","24.42","","-15.11425609",""
"Ireland","1999","","","24.88","","-15.00292826",""
"Ireland","2000","","","25.15","","-15.93985759",""
"Ireland","2001","","","24.61","","-12.07146404",""
"Ireland","2002","","","24.66","","-11.22085739",""
"Ireland","2003","","","24.73","","-4.834595243",""
"Ireland","2004","","","24.62","","-5.309375845",""
"Ireland","2005","","","24.92","","-6.6296316",""
"Ireland","2006","","","25.19","","-5.829994273",""
"Ireland","2007","","","25.18","","-3.163230457",""
"Ireland","2008","","","25.68","","9.567049908",""
"Ireland","2009","","","24.62","","13.89315009",""
"Ireland","2010","","","25.7","","",""
"Ireland","2011","","","26.2","","",""
"Ireland","2012","","","26.43","","",""
"Ireland","2013","","","26.59","","",""
"Ireland","2014","","","27.32","","",""
"Ireland","2015","","","26.97","","",""
"Ireland","2016","","","25.33","","",""
"Ireland","2017","","","24.73","","",""
"Ireland","2018","","","23.89","","",""
"Ireland","2019","","","23.57","","",""
"Ireland","2020","","","23.45","","",""
"Ireland","2021","","","23.61","","",""
"Ireland","2022","","","24.05","","",""
"Ireland","2023","","","22.41","","",""
"Ireland","2024","","","","","",""
"Italy","1980","","3.1","16.06","","-13.20973306",""
"Italy","1981","","4.7","16.04","","-0.07236541",""
"Italy","1982","","0.4","16.03","","1.160646063",""
"Italy","1983","","1.2","16.03","","1.789658958",""
"Italy","1984","","3.2","16.04","","1.312918394",""
"Italy","1985","","2.8","16.05","","1.927125541",""
"Italy","1986","","2.9","16.08","","1.58164221",""
"Italy","1987","","3.2","16.11","","1.868757459",""
"Italy","1988","","4.2","16.17","","0.32474955",""
"Italy","1989","8.2913483094812","3.4","16.18","4.8913483094812","3.064380568",""
"Italy","1990","5.4521762744023","2.1","16.19","3.3521762744023","5.003887643",""
"Italy","1991","6.5857970947168","1.4","16.18","5.1857970947168","3.898570533",""
"Italy","1992","11.647044613422","0.8","16.2","10.847044613422","8.633815881",""
"Italy","1993","10.340071389871","-0.9","16.24","11.240071389871","5.519938955",""
"Italy","1994","8.1525575757654","2.2","16.29","5.9525575757654","3.347281565",""
"Italy","1995","7.9206443670309","2.9","16.37","5.0206443670309","-5.411994726",""
"Italy","1996","8.0917114762554","1.5","16.53","6.5917114762554","-0.051087985",""
"Italy","1997","7.7677105705068","1.9","16.79","5.8677105705068","-0.097687587",""
"Italy","1998","6.1293945451335","1.8","17.15","4.3293945451335","-1.140823582",""
"Italy","1999","4.797352404448","1.7","17.66","3.097352404448","-1.645677344",""
"Italy","2000","5.1758239067261","3.9","18.7","1.2758239067261","-3.686925698",""
"Italy","2001","4.0982021748643","2","20.36","2.0982021748643","-2.600392898",""
"Italy","2002","3.1281162283592","0.3","21.47","2.8281162283592","-2.017107844",""
"Italy","2003","2.5813281497513","0.1","20.92","2.4813281497513","-2.296499492",""
"Italy","2004","2.8027018942165","1.5","20.78","1.3027018942165","-3.240746219",""
"Italy","2005","3.1637906027776","0.8","21.24","2.3637906027776","-1.943689819",""
"Italy","2006","3.3320530609389","1.8","21.84","1.5320530609389","-2.720643265",""
"Italy","2007","3.7748394199374","1.5","21.22","2.2748394199374","-2.112665501",""
"Italy","2008","4.3286290355489","-1","20.61","5.3286290355489","0.737086946",""
"Italy","2009","2.9321577797446","-5.3","20.71","8.2321577797446","4.517926423",""
"Italy","2010","3.4134201830021","1.5","22.06","1.9134201830021","",""
"Italy","2011","2.8216035358857","0.7","22.01","2.1216035358857","",""
"Italy","2012","3.4611974497993","-3.1","23.55","6.5611974497993","",""
"Italy","2013","3.9736479366396","-1.8","23.5","5.7736479366396","",""
"Italy","2014","3.9286578290817","0","25.5","3.9286578290817","",""
"Italy","2015","3.3204815735536","0.9","22.21","2.4204815735536","",""
"Italy","2016","2.2202818919455","1.2","22","1.0202818919455","",""
"Italy","2017","2.2748641382772","1.6","22.12","0.67486413827723","",""
"Italy","2018","1.5923708555414","0.8","22.12","0.7923708555414","",""
"Italy","2019","1.5393757255658","0.4","22.09","1.1393757255658","",""
"Italy","2020","0.73926929063127","-8.9","22.05","9.6392692906313","",""
"Italy","2021","0.73318566210266","8.9","22.06","-8.1668143378973","",""
"Italy","2022","-1.1511285455742","4.8","22.06","-5.9511285455742","",""
"Italy","2023","-0.9650554814506","0.7","22.06","-1.6650554814506","",""
"Italy","2024","3.0764101289124","0.7","","2.3764101289124","",""
"Japan","1980","","3.2","22.79","","1.977101894",""
"Japan","1981","","4.3","22.68","","-0.420365344",""
"Japan","1982","","3.3","22.66","","1.984701114",""
"Japan","1983","","3.6","22.72","","2.405608767",""
"Japan","1984","","4.4","22.79","","0.101921392",""
"Japan","1985","","5.2","22.94","","-0.146931191",""
"Japan","1986","","3.3","23.13","","-0.152815778",""
"Japan","1987","","4.6","23.41","","-0.109277395",""
"Japan","1988","","6.7","24.65","","-3.272026133",""
"Japan","1989","","4.9","24.6","","-1.933765149",""
"Japan","1990","","4.8","24.87","","-0.256328532",""
"Japan","1991","","3.5","24.44","","-0.05743069",""
"Japan","1992","","0.9","23.36","","1.011484509",""
"Japan","1993","4.3123579552355","-0.5","23.2","4.8123579552355","1.343533429",""
"Japan","1994","3.939249180344","1.1","23.26","2.839249180344","1.072047891",""
"Japan","1995","4.0504949966044","2.6","23.27","1.4504949966044","-0.989342282",""
"Japan","1996","3.1172546804759","3.1","23.6","0.017254680475861","-1.778489929",""
"Japan","1997","1.9346131536194","1","23.29","0.93461315361935","-1.915354044",""
"Japan","1998","2.3482234258139","-1.3","23.38","3.6482234258139","2.178281997",""
"Japan","1999","3.4446343614751","-0.3","23.63","3.7446343614751","1.511723072",""
"Japan","2000","3.4495213337981","2.8","23.9","0.64952133379807","-0.720582675",""
"Japan","2001","3.0877953850326","0.4","23.87","2.6877953850326","0.851386286",""
"Japan","2002","3.3018229332497","0","23.93","3.3018229332497","1.263411073",""
"Japan","2003","3.485828840201","1.5","24.12","1.985828840201","0.031329971",""
"Japan","2004","2.924240608641","2.2","24.34","0.72424060864097","-1.007304374",""
"Japan","2005","2.9056280602194","1.8","24.38","1.1056280602194","-0.050556154",""
"Japan","2006","2.5488230455522","1.4","24.41","1.1488230455522","-0.147472607",""
"Japan","2007","2.6068783890694","1.5","24.47","1.1068783890694","-0.664445253",""
"Japan","2008","2.8469813860354","-1.2","24.29","4.0469813860354","2.723504101",""
"Japan","2009","2.3060326104107","-5.7","24.02","8.0060326104107","6.170614343",""
"Japan","2010","3.5457619148439","4.1","24.2","-0.55423808515607","-2.371962818",""
"Japan","2011","3.1744896873779","0","24.16","3.1744896873779","",""
"Japan","2012","2.1800765280286","1.4","24.18","0.78007652802857","",""
"Japan","2013","1.6640219329986","2","24.22","-0.33597806700137","",""
"Japan","2014","-0.45938159144189","0.3","24.21","-0.75938159144189","",""
"Japan","2015","-0.94844123007414","1.6","24.22","-2.5484412300741","",""
"Japan","2016","0.6221927603228","0.8","24.22","-0.1778072396772","",""
"Japan","2017","1.0691444073582","1.7","24.21","-0.63085559264182","",""
"Japan","2018","","0.6","24.21","","",""
"Japan","2019","","-0.4","24.21","","",""
"Japan","2020","","-4.2","24.21","","",""
"Japan","2021","","2.7","24.31","","",""
"Japan","2022","","1","24.21","","",""
"Japan","2023","","1.2","24.21","","",""
"Japan","2024","","0.1","","","",""
"Korea","1980","","-1.5","22.3","","-22.92951318",""
"Korea","1981","","7.4","22.3","","-23.77014402",""
"Korea","1982","","8.5","22.3","","-14.74052694",""
"Korea","1983","","13.5","22.24","","-18.08994261",""
"Korea","1984","","10.6","22.24","","-14.86404266",""
"Korea","1985","","7.9","22.23","","-11.74356965",""
"Korea","1986","","11.5","22.22","","-16.17995588",""
"Korea","1987","","12.9","22.21","","-17.41589997",""
"Korea","1988","","12.1","23.57","","-19.01057899",""
"Korea","1989","","7.2","23.24","","-13.07165313",""
"Korea","1990","","10","23.32","","-19.91979431",""
"Korea","1991","","10.9","23.08","","-3.213573566",""
"Korea","1992","","6.4","22.92","","0.340729085",""
"Korea","1993","","7","22.78","","-1.069466694",""
"Korea","1994","","9.4","22.74","","-5.035204959",""
"Korea","1995","","9.7","23.47","","-4.115548247",""
"Korea","1996","6.6797427364557","8","23.37","-1.3202572635443","0.587920974",""
"Korea","1997","7.5703193890653","6.3","22.87","1.2703193890653","3.65173282",""
"Korea","1998","10.340414485423","-4.9","22.19","15.240414485423","15.83656612",""
"Korea","1999","10.757974095945","11.6","22.31","-0.84202590405535","-5.152549144",""
"Korea","2000","7.4471426965308","9.2","22.24","-1.7528573034692","-4.88033419",""
"Korea","2001","4.0876454729246","4.7","24.25","-0.6123545270754","-3.468548773",""
"Korea","2002","3.6260440413107","7.7","22.12","-4.0739559586893","-6.275420937",""
"Korea","2003","2.6937393720735","3.1","24.01","-0.40626062792654","-2.34322014",""
"Korea","2004","2.6920812989919","5.2","25.33","-2.5079187010081","-4.253078668",""
"Korea","2005","4.5050165319878","4.4","27.16","0.10501653198785","-1.636343717",""
"Korea","2006","6.2245886211375","5.2","22.17","1.0245886211375","-0.842779845",""
"Korea","2007","4.0348595637969","5.8","25.97","-1.7651404362031","-3.087668855",""
"Korea","2008","4.2226851834079","3","25.92","1.2226851834079","-1.02403592",""
"Korea","2009","1.9694520264114","0.8","25.21","1.1694520264114","-2.285243886",""
"Korea","2010","2.7002505561619","7","25.76","-4.2997494438381","-7.500214737",""
"Korea","2011","4.4189907510552","3.7","24.14","0.71899075105516","-2.173905825",""
"Korea","2012","4.0927912679107","2.5","27.84","1.5927912679107","-0.257561796",""
"Korea","2013","3.5882417142563","3.3","26.08","0.28824171425635","",""
"Korea","2014","3.3262707411163","3.2","26.14","0.12627074111632","",""
"Korea","2015","0.33700184903992","2.9","26.41","-2.5629981509601","",""
"Korea","2016","1.3545594228299","3.2","26.5","-1.8454405771701","",""
"Korea","2017","1.226620200043","3.4","26.82","-2.173379799957","",""
"Korea","2018","3.1642692109206","3.2","27.19","-0.035730789079386","",""
"Korea","2019","4.3214294925545","2.3","26.32","2.0214294925545","",""
"Korea","2020","1.2188599264584","-0.7","25.83","1.9188599264584","",""
"Korea","2021","0.11797515238409","4.6","26.19","-4.4820248476159","",""
"Korea","2022","2.978979865249","2.7","25.94","0.27897986524902","",""
"Korea","2023","3.0618929698522","1.6","25.6","1.4618929698522","",""
"Korea","2024","","2","","","",""
"Netherlands","1980","","","24.91","","",""
"Netherlands","1981","","-0.5","24.78","","6.945948113",""
"Netherlands","1982","","-1.3","24.61","","4.352048337",""
"Netherlands","1983","","1.8","24.78","","1.810376431",""
"Netherlands","1984","","3.1","24.91","","1.736951949",""
"Netherlands","1985","","2.7","25.24","","1.960088824",""
"Netherlands","1986","","3.1","25.54","","2.435654122",""
"Netherlands","1987","","1.9","25.96","","3.823268204",""
"Netherlands","1988","","4.6","26.35","","0.516136813",""
"Netherlands","1989","","4.5","27.51","","1.691347083",""
"Netherlands","1990","","4.2","27.85","","2.946527336",""
"Netherlands","1991","","2.5","28.14","","3.734453027",""
"Netherlands","1992","","1.6","28.62","","5.167975942",""
"Netherlands","1993","","1.3","28.46","","5.994770542",""
"Netherlands","1994","","3","24.89","","1.501310544",""
"Netherlands","1995","","3.1","24.47","","1.495025999",""
"Netherlands","1996","","3.4","25.25","","0.650152255",""
"Netherlands","1997","","4.2","24.96","","-2.655878472",""
"Netherlands","1998","","4.7","25.63","","-2.914537143",""
"Netherlands","1999","2.1308236230254","5","22.09","-2.8691763769746","-3.340819716",""
"Netherlands","2000","1.4733523624493","4.2","20.53","-2.7266476375507","-4.093640538",""
"Netherlands","2001","0.59881025677482","2.3","19.01","-1.7011897432252","-1.784153501",""
"Netherlands","2002","0.077629534910421","0.2","17.45","-0.12237046508958","-0.396238962",""
"Netherlands","2003","0.69795745903826","0.1","16.39","0.59795745903826","-0.220082699",""
"Netherlands","2004","1.5341792496332","2","18.13","-0.46582075036685","-0.800168082",""
"Netherlands","2005","0.77588388043783","2","16.88","-1.2241161195622","-1.748133655",""
"Netherlands","2006","0.94080455000468","3.5","17.29","-2.5591954499953","-2.976107896",""
"Netherlands","2007","2.5034330902702","3.9","16.97","-1.3965669097298","-2.093540422",""
"Netherlands","2008","2.1402714760497","2.1","17.14","0.04027147604972","-0.615419305",""
"Netherlands","2009","1.5389374833611","-3.7","16.81","5.2389374833611","3.533410245",""
"Netherlands","2010","1.0323943764341","1.3","16.61","-0.26760562356589","-1.750602998",""
"Netherlands","2011","1.7530901861245","1.8","15.73","-0.046909813875512","-0.98952914",""
"Netherlands","2012","0.29198946071416","-1","16.39","1.2919894607142","0.399559734",""
"Netherlands","2013","0.35105325377237","0","17.44","0.35105325377237","",""
"Netherlands","2014","","1.6","16.53","","",""
"Netherlands","2015","","2.1","16.14","","",""
"Netherlands","2016","","2.4","15.65","","",""
"Netherlands","2017","","2.8","17.7","","",""
"Netherlands","2018","","2.3","14.64","","",""
"Netherlands","2019","","2.3","13.83","","",""
"Netherlands","2020","","-3.9","13.72","","",""
"Netherlands","2021","","6.3","13.93","","",""
"Netherlands","2022","","5","13.8","","",""
"Netherlands","2023","","-0.6","13.85","","",""
"Netherlands","2024","","1.1","","","",""
"New Zealand","1980","","1","22.36","","-19.67559869",""
"New Zealand","1981","","3","22.34","","-16.16230586",""
"New Zealand","1982","","2.9","22.41","","-14.22406278",""
"New Zealand","1983","","-0.1","22.61","","0.964838672",""
"New Zealand","1984","","6.9","22.5","","-4.081825188",""
"New Zealand","1985","","1.2","22.35","","2.853574408",""
"New Zealand","1986","","1.8","22.2","","7.156742368",""
"New Zealand","1987","","2.4","22.19","","-2.033078773",""
"New Zealand","1988","","0.6","22.23","","3.485531313",""
"New Zealand","1989","","0.4","22.55","","7.767709857",""
"New Zealand","1990","","0","23.14","","8.826290096",""
"New Zealand","1991","","-1.3","22.83","","9.70903454",""
"New Zealand","1992","","0.7","23.14","","4.217766055",""
"New Zealand","1993","","5.2","23.25","","-1.818466297",""
"New Zealand","1994","","5.6","23.27","","2.153776595",""
"New Zealand","1995","","4.9","23.27","","2.272161509",""
"New Zealand","1996","","4.1","23.07","","2.088941105",""
"New Zealand","1997","","2.4","23.25","","4.890802031",""
"New Zealand","1998","7.8587021161271","0.4","23.51","7.4587021161271","5.310929806",""
"New Zealand","1999","6.4297245125815","4.5","23.61","1.9297245125815","-0.083474927",""
"New Zealand","2000","4.7914454313602","4.2","23.18","0.59144543136024","0.295616076",""
"New Zealand","2001","3.5948864320902","2.5","23.37","1.0948864320902","-1.016391157",""
"New Zealand","2002","6.8569854071476","4.7","23.17","2.1569854071476","-0.145063897",""
"New Zealand","2003","4.8275585663178","4.4","23.17","0.42755856631783","-0.382971735",""
"New Zealand","2004","4.2265247097586","4.8","23.67","-0.57347529024142","-1.429203682",""
"New Zealand","2005","5.6489699191116","3.2","23.12","2.4489699191116","1.925555785",""
"New Zealand","2006","5.3378939795651","2.8","22.29","2.5378939795651","2.774197848",""
"New Zealand","2007","3.1361019853109","3.5","22.66","-0.36389801468914","0.484971442",""
"New Zealand","2008","6.0311469119316","-0.2","23.48","6.2311469119316","5.116438915",""
"New Zealand","2009","3.9181390621555","-1","23.65","4.9181390621555","1.576550116",""
"New Zealand","2010","3.0009069587568","1.7","24.24","1.3009069587568","-2.417815603",""
"New Zealand","2011","3.548387950763","1.7","24.02","1.848387950763","-1.571363962",""
"New Zealand","2012","6.0135218103099","2.6","23.23","3.4135218103099","",""
"New Zealand","2013","1.2955107016341","2.2","22.83","-0.90448929836591","",""
"New Zealand","2014","5.3326729985447","3.8","22.76","1.5326729985447","",""
"New Zealand","2015","4.236510397029","3.6","22.79","0.63651039702901","",""
"New Zealand","2016","2.5389026291916","4","22.59","-1.4610973708084","",""
"New Zealand","2017","1.1054194634807","3.3","22.74","-2.1945805365193","",""
"New Zealand","2018","","3.5","22.6","","",""
"New Zealand","2019","","3","22.82","","",""
"New Zealand","2020","","-1.3","23.22","","",""
"New Zealand","2021","","5.7","23.33","","",""
"New Zealand","2022","","2.9","22.7","","",""
"New Zealand","2023","","1.8","22.7","","",""
"New Zealand","2024","","-0.6","","","",""
"Norway","1980","","4.5","23.64","","-5.432431998",""
"Norway","1981","","1.6","23.63","","-1.302035444",""
"Norway","1982","","0.2","23.61","","4.73188383",""
"Norway","1983","","4","23.61","","2.470955107",""
"Norway","1984","","6.1","23.62","","0.912155969",""
"Norway","1985","","5.6","23.63","","1.97303083",""
"Norway","1986","","4","23.58","","10.90512751",""
"Norway","1987","","1.8","23.58","","5.710866583",""
"Norway","1988","","-0.3","23.56","","8.814517232",""
"Norway","1989","","1","23.57","","4.76942963",""
"Norway","1990","","1.9","23.57","","5.801023324",""
"Norway","1991","","3.1","23.58","","5.24692961",""
"Norway","1992","","3.6","23.58","","8.949315712",""
"Norway","1993","","2.8","23.61","","2.185678514",""
"Norway","1994","","5.1","23.65","","0.955150162",""
"Norway","1995","","4.2","23.65","","-2.00609082",""
"Norway","1996","","5","23.72","","-4.396060465",""
"Norway","1997","","5.3","23.86","","-4.33793746",""
"Norway","1998","","2.7","23.68","","3.850864722",""
"Norway","1999","","2.1","23.75","","-2.140291352",""
"Norway","2000","","3.3","24.16","","-11.89381416",""
"Norway","2001","","2.1","23.83","","3.500714239",""
"Norway","2002","","1.4","23.87","","7.164612821",""
"Norway","2003","","0.9","23.95","","0.315367277",""
"Norway","2004","","4","24.08","","-7.787431901",""
"Norway","2005","","2.7","24.39","","-9.172463423",""
"Norway","2006","","2.5","24.35","","-8.072117278",""
"Norway","2007","","2.9","24.39","","-1.026606462",""
"Norway","2008","","0.5","24.54","","-4.614298713",""
"Norway","2009","","-1.9","23.92","","9.290687287",""
"Norway","2010","","0.8","24.2","","-4.063711335",""
"Norway","2011","","1.1","23.31","","-4.857324137",""
"Norway","2012","","2.7","21.98","","",""
"Norway","2013","1.7520276478133","1","21.91","0.75202764781328","",""
"Norway","2014","3.9431473790527","2","20.74","1.9431473790527","",""
"Norway","2015","6.4863764717603","1.9","21.78","4.5863764717603","",""
"Norway","2016","4.7439094502862","1.2","21.78","3.5439094502862","",""
"Norway","2017","-1.0329613963905","2.5","22.99","-3.5329613963905","",""
"Norway","2018","-3.5759665412668","0.8","24.31","-4.3759665412668","",""
"Norway","2019","3.80513912642","1.1","24.02","2.70513912642","",""
"Norway","2020","5.3494194303487","-1.3","23.17","6.6494194303487","",""
"Norway","2021","-14.922876784876","3.9","23.71","-18.822876784876","",""
"Norway","2022","-19.602929493678","3.2","23.88","-22.802929493678","",""
"Norway","2023","18.426167059529","0.1","23.25","18.326167059529","",""
"Norway","2024","6.3652014673714","2.1","","4.2652014673714","",""
"Portugal","1980","","","22.6","","-18.81569069",""
"Portugal","1981","","","22.55","","-12.08933843",""
"Portugal","1982","","","22.74","","-8.107060644",""
"Portugal","1983","","","22.84","","-9.263422678",""
"Portugal","1984","","","22.94","","-1.7763011",""
"Portugal","1985","","","23.01","","-2.253779298",""
"Portugal","1986","","","23.06","","-7.080253385",""
"Portugal","1987","","","23.14","","-3.410384815",""
"Portugal","1988","","","23.21","","-6.34579971",""
"Portugal","1989","","","23.34","","-4.740713474",""
"Portugal","1990","","","22.92","","-6.059473243",""
"Portugal","1991","","","23.07","","1.196169425",""
"Portugal","1992","","","23.18","","5.333790875",""
"Portugal","1993","","","23.5","","8.633421939",""
"Portugal","1994","","","23.58","","2.303831683",""
"Portugal","1995","","","23.67","","0.958039242",""
"Portugal","1996","","","23.55","","0.144706283",""
"Portugal","1997","","","23.72","","-3.734481838",""
"Portugal","1998","","","24.1","","-5.169458313",""
"Portugal","1999","","","24.19","","-4.8602518",""
"Portugal","2000","","","23.96","","-4.205334179",""
"Portugal","2001","","","24.21","","-2.335298939",""
"Portugal","2002","","","23.87","","-2.234369131",""
"Portugal","2003","","","23.78","","-0.514091498",""
"Portugal","2004","","","24.07","","-2.387668583",""
"Portugal","2005","","","24.02","","-2.226685085",""
"Portugal","2006","","","24.11","","",""
"Portugal","2007","","","24.09","","",""
"Portugal","2008","","","24.18","","",""
"Portugal","2009","","","23.78","","",""
"Portugal","2010","","","23.85","","",""
"Portugal","2011","","","24.89","","",""
"Portugal","2012","","","25.23","","",""
"Portugal","2013","","","25.69","","",""
"Portugal","2014","","","25.28","","",""
"Portugal","2015","","","25.14","","",""
"Portugal","2016","","","25.08","","",""
"Portugal","2017","","","26.07","","",""
"Portugal","2018","","","25.49","","",""
"Portugal","2019","","","25.29","","",""
"Portugal","2020","","","25.05","","",""
"Portugal","2021","","","24.92","","",""
"Portugal","2022","","","24.89","","",""
"Portugal","2023","","","24.96","","",""
"Portugal","2024","","","","","",""
"Singapore","1980","0.53502486188524","10.1","22.82","-9.5649751381148","-21.24204815",""
"Singapore","1981","7.3383468590403","10.8","22.84","-3.4616531409597","-16.68558488",""
"Singapore","1982","5.4484040874027","7.1","23.06","-1.6515959125973","-11.62690877",""
"Singapore","1983","5.6986639940735","8.6","22.84","-2.9013360059265","-11.70859748",""
"Singapore","1984","8.8614257725943","8.8","22.72","0.061425772594333","-9.562267415",""
"Singapore","1985","9.671383031152","-0.6","23.15","10.271383031152","2.115468287",""
"Singapore","1986","8.1752364396066","1.3","23.01","6.8752364396066","3.819947659",""
"Singapore","1987","5.538085742506","10.8","23.39","-5.261914257494","-8.424728987",""
"Singapore","1988","0.50596765636805","11.3","26.01","-10.794032343632","-13.91566499",""
"Singapore","1989","1.9705381475897","10.2","25.17","-8.2294618524103","-11.10449668",""
"Singapore","1990","2.5455036145062","9.8","24.89","-7.2544963854938","-10.02329439",""
"Singapore","1991","3.0142937874909","6.7","24.35","-3.6857062125091","-6.490506953",""
"Singapore","1992","4.5023181339586","6.6","24.36","-2.0976818660414","-5.224436771",""
"Singapore","1993","1.867598853904","11.5","24","-9.632401146096","-12.63886805",""
"Singapore","1994","2.3347474794563","11.1","25.05","-8.7652525205437","-11.59726952",""
"Singapore","1995","3.09459539508","7.2","26.3","-4.10540460492","-6.813314667",""
"Singapore","1996","4.6832372007294","7.5","26.16","-2.8167627992706","-5.59334089",""
"Singapore","1997","5.1812911757903","8.3","27.19","-3.1187088242097","-5.854877931",""
"Singapore","1998","8.8886316747591","-2.2","26.64","11.088631674759","8.186734508",""
"Singapore","1999","9.7258024262338","5.7","26.5","4.0258024262338","-0.51303311",""
"Singapore","2000","1.8965818038997","9","26.02","-7.1034181961003","-10.92508084",""
"Singapore","2001","7.6006741067885","-1.1","27.24","8.7006741067885","4.731776784",""
"Singapore","2002","6.2992479048997","3.9","27.05","2.3992479048997","-2.050439427",""
"Singapore","2003","7.2358927833648","4.5","26.26","2.7358927833648","-2.225187851",""
"Singapore","2004","1.2894169521311","9.9","26.89","-8.6105830478689","-13.3957452",""
"Singapore","2005","3.3360785543396","7.4","25.91","-4.0639214456604","-9.274492929",""
"Singapore","2006","3.4055130923787","9","26.15","-5.5944869076213","-10.01018049",""
"Singapore","2007","-0.55404274023156","9","26.45","-9.5540427402316","-14.44335443",""
"Singapore","2008","6.8562787228012","1.9","26.64","4.9562787228012","0.123156522",""
"Singapore","2009","2.3564670940495","0.1","24.82","2.2564670940495","-2.622630597",""
"Singapore","2010","4.225382135085","14.5","24.61","-10.274617864915","-14.98855609",""
"Singapore","2011","4.1604908443841","6.2","24.73","-2.0395091556159","-7.051603012",""
"Singapore","2012","4.860577563383","4.4","24.64","0.46057756338297","",""
"Singapore","2013","5.8362169531784","4.8","26.38","1.0362169531784","",""
"Singapore","2014","5.6323235551456","3.9","27.66","1.7323235551456","",""
"Singapore","2015","2.2101501714237","3","28.08","-0.78984982857632","",""
"Singapore","2016","4.8029082691981","3.7","27.24","1.1029082691981","",""
"Singapore","2017","2.3494426117483","4.5","28.09","-2.1505573882517","",""
"Singapore","2018","1.6627574093679","3.5","28.26","-1.8372425906321","",""
"Singapore","2019","5.6991141901129","1.3","28.16","4.3991141901129","",""
"Singapore","2020","7.8302732567072","-3.8","28.76","11.630273256707","",""
"Singapore","2021","-5.1197368210212","9.8","31.41","-14.919736821021","",""
"Singapore","2022","","4.1","28.76","","",""
"Singapore","2023","","1.8","28.67","","",""
"Singapore","2024","","4.4","","","",""
"Spain","1980","","","24.51","","",""
"Spain","1981","","","24.47","","2.146229897",""
"Spain","1982","","","24.5","","1.562253926",""
"Spain","1983","","","24.49","","6.102938513",""
"Spain","1984","","","24.51","","3.010991613",""
"Spain","1985","","","24.19","","0.979788099",""
"Spain","1986","","","21.42","","-2.024568846",""
"Spain","1987","","","20.93","","4.521260702",""
"Spain","1988","","","21.21","","1.002582876",""
"Spain","1989","","","20.9","","3.225017455",""
"Spain","1990","","","20.4","","3.949945497",""
"Spain","1991","","","21.58","","3.643151113",""
"Spain","1992","","","20.58","","5.720069753",""
"Spain","1993","","","18.9","","7.387899266",""
"Spain","1994","","","19.94","","2.076212582",""
"Spain","1995","","","20.31","","1.828794344",""
"Spain","1996","","","22.42","","1.618319635",""
"Spain","1997","","","23.88","","-0.880450827",""
"Spain","1998","","","25.79","","-2.702991238",""
"Spain","1999","","","25.4","","-4.431823153",""
"Spain","2000","","","24.56","","-4.120676278",""
"Spain","2001","","","22.28","","-3.833603831",""
"Spain","2002","","","22.26","","-3.688610101",""
"Spain","2003","","","22.51","","-5.103739544",""
"Spain","2004","","","21.26","","-5.031499911",""
"Spain","2005","","","21.25","","-5.179099459",""
"Spain","2006","","","21.84","","-4.437162498",""
"Spain","2007","","","23.67","","-3.289300332",""
"Spain","2008","","","21.23","","-2.271909694",""
"Spain","2009","","","21.84","","4.097204252",""
"Spain","2010","","","22","","1.518056819",""
"Spain","2011","","","22.39","","2.507898444",""
"Spain","2012","","","22.76","","4.006919766",""
"Spain","2013","","","22.7","","",""
"Spain","2014","","","24.37","","",""
"Spain","2015","","","24.3","","",""
"Spain","2016","","","24.13","","",""
"Spain","2017","","","24.2","","",""
"Spain","2018","","","24.17","","",""
"Spain","2019","","","23.86","","",""
"Spain","2020","","","23.56","","",""
"Spain","2021","","","23.92","","",""
"Spain","2022","","","23.67","","",""
"Spain","2023","","","23.85","","",""
"Spain","2024","","","","","",""
"Sweden","1980","","4.6","17.68","","-3.358798031",""
"Sweden","1981","","4.5","17.68","","2.462086609",""
"Sweden","1982","","1.4","17.69","","2.06270495",""
"Sweden","1983","","2","17.7","","-2.245031958",""
"Sweden","1984","","4.3","17.08","","-1.120977378",""
"Sweden","1985","","2.3","16.5","","3.194425731",""
"Sweden","1986","","3.1","17.1","","-0.41024294",""
"Sweden","1987","","3.4","17.73","","0.483882079",""
"Sweden","1988","","2.5","19.56","","0.482361763",""
"Sweden","1989","","2.6","21.98","","-1.548978388",""
"Sweden","1990","","0.5","23.96","","0.166351101",""
"Sweden","1991","","-1.1","23.25","","0.060930777",""
"Sweden","1992","14.042083735933","-1.1","22.26","15.142083735933","8.08848961",""
"Sweden","1993","9.6737199732555","-1.8","22.12","11.473719973255","6.567083624",""
"Sweden","1994","7.9486690094776","4","23.39","3.9486690094776","0.755495734",""
"Sweden","1995","7.1694480472228","4.1","23.8","3.0694480472228","0.923093862",""
"Sweden","1996","7.5952214148417","1.7","23.89","5.8952214148417","3.235331044",""
"Sweden","1997","5.4793069450246","3.1","24.19","2.3793069450246","-0.362246145",""
"Sweden","1998","5.5398929242842","4.2","23.9","1.3398929242842","-0.817270905",""
"Sweden","1999","4.3276407712444","4.2","26.07","0.12764077124438","-2.350082865",""
"Sweden","2000","4.1355543509423","4.6","26.14","-0.46444564905769","-2.339465243",""
"Sweden","2001","3.0609587845352","1.4","26.64","1.6609587845352","-0.07264618",""
"Sweden","2002","4.102426358109","2.3","27.25","1.802426358109","0.397433123",""
"Sweden","2003","3.1121359252129","1.9","27.06","1.2121359252129","-1.111027703",""
"Sweden","2004","3.7523063323697","4.2","27.75","-0.44769366763032","-2.640601465",""
"Sweden","2005","2.7465511336938","2.8","27.32","-0.053448866306185","-1.905345764",""
"Sweden","2006","1.8988057218855","4.7","26.9","-2.8011942781145","-4.177582939",""
"Sweden","2007","","3.2","25.26","","-2.737357591",""
"Sweden","2008","","-0.9","24.2","","1.140225212",""
"Sweden","2009","","-4.3","27.83","","3.200690846",""
"Sweden","2010","","5.8","27.14","","-6.475694399",""
"Sweden","2011","","3.2","25.76","","-2.194485787",""
"Sweden","2012","","-0.4","26.61","","0.478452614",""
"Sweden","2013","","1.1","27","","",""
"Sweden","2014","","2.3","28.12","","",""
"Sweden","2015","","4.4","27.81","","",""
"Sweden","2016","","2.1","27.09","","",""
"Sweden","2017","","1.9","27.07","","",""
"Sweden","2018","","1.8","27.49","","",""
"Sweden","2019","","2.6","27.34","","",""
"Sweden","2020","","-1.9","26.26","","",""
"Sweden","2021","","5.2","28.05","","",""
"Sweden","2022","","1.3","27.44","","",""
"Sweden","2023","","-0.2","27.15","","",""
"Sweden","2024","","0.8","","","",""
"Switzerland","1980","","5.1","22.3","","-5.311050213",""
"Switzerland","1981","","1.6","22.3","","1.912020682",""
"Switzerland","1982","","-1.3","22.34","","-0.938047351",""
"Switzerland","1983","","0.6","22.38","","1.000653585",""
"Switzerland","1984","","3.1","22.4","","-2.453810372",""
"Switzerland","1985","","3.7","22.44","","-1.064573615",""
"Switzerland","1986","","1.8","22.47","","-0.643305279",""
"Switzerland","1987","","1.5","22.49","","0.032954028",""
"Switzerland","1988","","3.3","23.31","","-3.025181016",""
"Switzerland","1989","","4.4","23.44","","-0.500187271",""
"Switzerland","1990","","3.7","24.09","","0.635571346",""
"Switzerland","1991","","-0.9","24.22","","3.746407874",""
"Switzerland","1992","","-0.1","24.44","","5.849630774",""
"Switzerland","1993","","-0.1","25.14","","2.745716893",""
"Switzerland","1994","","1.3","25.58","","1.657753552",""
"Switzerland","1995","","0.6","25.83","","1.685629513",""
"Switzerland","1996","","0.5","27.98","","1.211743331",""
"Switzerland","1997","","2.2","27.74","","-0.426903837",""
"Switzerland","1998","","2.9","26.33","","-1.181595827",""
"Switzerland","1999","","1.6","30.07","","-0.386002286",""
"Switzerland","2000","","4.1","28.99","","-2.320697659",""
"Switzerland","2001","","1.6","28.86","","0.399527836",""
"Switzerland","2002","","0","28.11","","1.305841316",""
"Switzerland","2003","","-0.1","27.02","","-0.699145744",""
"Switzerland","2004","","2.6","26.55","","-2.526756218",""
"Switzerland","2005","","2.9","27.42","","-2.994643688",""
"Switzerland","2006","","4.1","27.99","","-4.461877123",""
"Switzerland","2007","","3.9","28.83","","-3.833852769",""
"Switzerland","2008","1.8655232064922","2.7","28.85","-0.83447679350782","-1.554202936",""
"Switzerland","2009","2.2828444468121","-2.3","28.21","4.5828444468121","1.932524242",""
"Switzerland","2010","2.4130502548115","3.2","28.79","-0.78694974518854","",""
"Switzerland","2011","2.7393464753829","1.9","28.06","0.83934647538294","",""
"Switzerland","2012","2.6229417443353","1.2","28.59","1.4229417443353","",""
"Switzerland","2013","2.7784221118727","1.9","29.43","0.87842211187275","",""
"Switzerland","2014","3.3651020723739","2.3","30.55","1.0651020723739","",""
"Switzerland","2015","3.9964475160954","1.6","30.94","2.3964475160954","",""
"Switzerland","2016","3.2489088940759","2.1","31.03","1.1489088940759","",""
"Switzerland","2017","3.0063673442277","1.4","31.54","1.6063673442277","",""
"Switzerland","2018","1.8490048018937","2.9","31.71","-1.0509951981063","",""
"Switzerland","2019","2.7396645794598","1.2","31.15","1.5396645794598","",""
"Switzerland","2020","3.3575097098669","-2.3","30.52","5.6575097098669","",""
"Switzerland","2021","1.3011611058332","5.6","31.11","-4.2988388941667","",""
"Switzerland","2022","-0.38172387702037","3.1","31.4","-3.4817238770204","",""
"Switzerland","2023","1.9503892301858","0.7","31.44","1.2503892301858","",""
"Switzerland","2024","1.6659469800237","1.4","","0.26594698002375","",""
"United Kingdom","1980","-2.8329188034292","-2.1","21.14","-0.73291880342924","-6.119285885",""
"United Kingdom","1981","1.510933275459","-0.7","20.38","2.210933275459","0.795024675",""
"United Kingdom","1982","4.2005615077508","2","19.86","2.2005615077508","2.174555055",""
"United Kingdom","1983","4.4732985786338","4.2","20.13","0.27329857863381","2.239160848",""
"United Kingdom","1984","4.4273544820404","2.2","17.8","2.2273544820404","4.284547861",""
"United Kingdom","1985","6.3891356074788","4.1","18.55","2.2891356074788","1.913448523",""
"United Kingdom","1986","6.2931709690841","3.1","18.77","3.1931709690841","3.513182127",""
"United Kingdom","1987","4.0733389369347","5.4","19.21","-1.3266610630653","-1.083134294",""
"United Kingdom","1988","3.7335498909957","5.4","18.01","-1.6664501090043","-1.511481249",""
"United Kingdom","1989","5.4717181808421","2.4","19.23","3.0717181808421","3.413604066",""
"United Kingdom","1990","6.3788486488225","0.6","18.73","5.7788486488225","6.173558009",""
"United Kingdom","1991","4.9576603391658","-1.4","18.34","6.3576603391658","6.24413909",""
"United Kingdom","1992","6.0418553333135","0.2","19.6","5.8418553333135","5.953948664",""
"United Kingdom","1993","3.1933143225484","2.3","20.3","0.89331432254837","0.773577458",""
"United Kingdom","1994","4.0132304406407","3.4","20.24","0.6132304406407","0.320438897",""
"United Kingdom","1995","-4.3011669681177","2.4","18.56","-6.7011669681177","1.746029876",""
"United Kingdom","1996","1.7488715541024","2.6","18.98","-0.85112844589755","-0.578688711",""
"United Kingdom","1997","6.7200984339954","4.9","20.75","1.8200984339954","1.887577142",""
"United Kingdom","1998","5.8730033866101","3.4","21.18","2.4730033866101","2.412011999",""
"United Kingdom","1999","3.9095595508711","3.1","20.45","0.80955955087112","1.25677129",""
"United Kingdom","2000","4.7884971562176","4.3","20.37","0.48849715621756","0.016838427",""
"United Kingdom","2001","3.5573671975147","2.6","20.43","0.95736719751469","1.286070254",""
"United Kingdom","2002","1.8419175533456","1.8","19.98","0.041917553345576","-1.044503618",""
"United Kingdom","2003","1.2782349609916","3.2","18.75","-1.9217650390084","-2.737714852",""
"United Kingdom","2004","1.7459807591027","2.5","19.31","-0.75401924089731","-0.722838458",""
"United Kingdom","2005","1.6583716613836","2.7","20.23","-1.0416283386164","-0.854951619",""
"United Kingdom","2006","1.7956780349008","2.4","20.52","-0.60432196509915","-0.878442402",""
"United Kingdom","2007","3.1890361843947","2.6","20.56","0.58903618439475","0.575764813",""
"United Kingdom","2008","1.2067554629053","-0.2","20.23","1.4067554629053","2.955159431",""
"United Kingdom","2009","-1.2289101051131","-4.6","20.09","3.3710898948869","3.531614271",""
"United Kingdom","2010","-1.0720450681214","2.2","20.04","-3.2720450681214","-4.382118124",""
"United Kingdom","2011","-1.6595502605577","1.1","20.26","-2.7595502605577","-2.896658142",""
"United Kingdom","2012","-1.0269007454469","1.5","20.73","-2.5269007454469","",""
"United Kingdom","2013","-1.5761921751844","1.8","22.63","-3.3761921751844","",""
"United Kingdom","2014","-0.80824260029507","3.2","22.59","-4.0082426002951","",""
"United Kingdom","2015","","2.2","21.38","","",""
"United Kingdom","2016","","1.9","21.28","","",""
"United Kingdom","2017","","2.7","21.23","","",""
"United Kingdom","2018","","1.4","21.33","","",""
"United Kingdom","2019","","1.6","21.12","","",""
"United Kingdom","2020","","-10.3","21.03","","",""
"United Kingdom","2021","","8.6","21.23","","",""
"United Kingdom","2022","","4.8","21.16","","",""
"United Kingdom","2023","","0.4","21.29","","",""
"United Kingdom","2024","","1.1","","","",""
"United States","1980","5.7163628565499","-0.3","23.23","6.0163628565499","2.661683111",""
"United States","1981","8.5946006908142","2.5","23.89","6.0946006908142","2.230841252",""
"United States","1982","8.177208217439","-1.8","24.5","9.977208217439","6.807479175",""
"United States","1983","6.6180354659462","4.6","23.96","2.0180354659462","0.363963053",""
"United States","1984","8.1409066104194","7.2","24.16","0.94090661041937","-0.910339017",""
"United States","1985","6.5632438343612","4.2","24.19","2.3632438343612","0.292284811",""
"United States","1986","6.1938695823123","3.5","24.92","2.6938695823123","0.626797157",""
"United States","1987","5.587520285871","3.5","26.57","2.087520285871","-0.051380691",""
"United States","1988","5.5903022348059","4.2","28.44","1.3903022348059","-0.820460728",""
"United States","1989","6.690264662607","3.7","28.85","2.990264662607","0.824581379",""
"United States","1990","6.0397498546323","1.9","29.05","4.1397498546323","2.124345468",""
"United States","1991","4.9152959682851","-0.1","28.57","5.0152959682851","2.283558748",""
"United States","1992","3.8842948908569","3.5","29.51","0.38429489085689","-2.319009363",""
"United States","1993","3.545632168272","2.8","29.06","0.74563216827203","-2.05983479",""
"United States","1994","4.8985413346822","4","29.28","0.89854133468222","-1.800494686",""
"United States","1995","6.594217969569","2.7","29.3","3.894217969569","0.855761785",""
"United States","1996","6.3242859928286","3.8","29.65","2.5242859928286","-0.476246014",""
"United States","1997","6.6033474200303","4.4","30.47","2.2033474200303","-0.998968512",""
"United States","1998","7.1499452696424","4.5","31.48","2.6499452696424","-0.628178214",""
"United States","1999","6.4872673479706","4.8","31.81","1.6872673479706","-1.438236929",""
"United States","2000","6.8137924602681","4.1","32.34","2.7137924602681","-0.371562802",""
"United States","2001","4.5671389392698","1","32.14","3.5671389392698","0.213987985",""
"United States","2002","3.0732472466351","1.7","31.47","1.3732472466351","-1.688011205",""
"United States","2003","2.1065944897792","2.8","31.1","-0.69340551022083","-3.770774603",""
"United States","2004","1.607680462951","3.8","31.69","-2.192319537049","-5.140391653",""
"United States","2005","2.9608752109688","3.5","32.32","-0.53912478903118","-3.349341451",""
"United States","2006","4.7278636686823","2.8","32.71","1.9278636686823","-0.890853726",""
"United States","2007","5.1998637639791","2","33.4","3.1998637639791","0.03192183",""
"United States","2008","3.1010422196853","0.1","33.99","3.0010422196853","-0.278346186",""
"United States","2009","2.6170776567284","-2.6","33.12","5.2170776567284","2.166977184",""
"United States","2010","2.0102826196995","2.7","34.62","-0.68971738030049","-3.616889137",""
"United States","2011","1.1628986532697","1.6","35.28","-0.43710134673028","-3.613383998",""
"United States","2012","1.3624637484181","2.3","36.62","-0.93753625158192","-4.030431102",""
"United States","2013","1.5222133872932","2.1","35.64","-0.57778661270681","",""
"United States","2014","1.4825613899057","2.5","35.83","-1.0174386100943","",""
"United States","2015","2.3105146420348","2.9","35.81","-0.58948535796517","",""
"United States","2016","2.5372323003738","1.8","35.5","0.73723230037382","",""
"United States","2017","2.2652963786515","2.5","35.48","-0.2347036213485","",""
"United States","2018","2.5547498736023","3","35.2","-0.44525012639766","",""
"United States","2019","3.5730621664709","2.6","34.85","0.97306216647089","",""
"United States","2020","2.1862818991597","-2.1","35.13","4.2862818991597","",""
"United States","2021","-1.2585215893049","6.2","36.26","-7.4585215893049","",""
"United States","2022","","2.5","34.89","","",""
"United States","2023","","2.9","34.8","","",""
"United States","2024","","2.8","","","",""
